use_pca,accuracy,precision,recall,f1_score
True,0.8853723212852295,0.9926055534423736,0.7633953123720146,0.8630410625463012
