use_pca,accuracy,precision,recall,f1_score
False,0.7389848148496709,0.9991661020482618,0.448659591148972,0.6192533492687733
