,accuracy,precision,recall,f1,roc_auc
XGBoost,0.9894558319761891,0.999898459177047,0.9891352845125828,0.9944877506875632,0.9992043492690972
LightGBM,0.9975829729881507,0.9999859491029673,0.9975004847190848,0.998741670584328,0.9999352922251404
DNN,0.9955096310439715,0.999990612356017,0.9953396887986675,0.9976597301489741,0.9999241130129213
Autoencoder,0.9140877183130229,0.9978239826735897,0.9126477809209896,0.9533371399568583,0.9716584093422956
Hybrid,0.9983849048127141,0.9999812812953344,0.9983391071357657,0.999159519464898,0.9999466000455886
